distance,average_mileage,trip_frequency,load_tons,fuel_consumption
380.7947176588889,7.776993932579295,7,17.672571421796356,62.58821783355992
951.207163345817,13.128514210675371,3,13.727198806347502,94.54675770268537
734.6740023932911,18.094187538146123,7,33.74672657264282,55.77001754752488
602.6718993550662,15.983373296143418,8,6.608759662277735,42.065511537284394
164.45845403801215,17.098417217921746,6,17.7740121846622,11.752883210872056
164.43457513284062,14.881750500660761,9,36.24654529923055,16.253498981363176
67.50277604651747,15.384148467767787,6,33.98813246793874,6.473419118667345
867.5143843171858,17.73793477347979,9,16.636728736448823,61.27923310995709
605.1038616257767,8.745020132887788,4,30.761226180451022,101.62244199193984
710.9918520180851,12.341374454647108,8,33.10327239764551,79.67596511526659
30.378649352844423,8.318141627294033,4,35.66660953614156,5.454298967575774
970.2107536403744,19.815020119949708,2,22.23572499291989,66.21256061912138
834.1182143924175,19.160890095299198,9,8.973974556133761,47.22652544211459
220.2157195714934,5.591402170527589,5,10.957053983653335,43.30173158110157
190.00671753502962,15.583627587735327,4,12.532092287622564,12.850745549446604
191.5704647548995,18.878724761234988,2,24.158296751575005,13.366175080690613
311.1998205299424,7.7086301769100025,1,2.279575341015729,39.35082912596352
529.5088673159155,13.519178458289442,7,25.805656282418763,51.65551179159865
437.62556845569463,18.73232446382063,6,15.209815298701049,28.30208745207498
298.3168487960615,5.509189678786982,2,12.514430297096045,62.38474379795473
615.7343657751557,15.461304008702598,8,35.30036625839693,57.35950566760182
148.09892204552142,9.460235110588261,4,18.940093427651156,17.975782328833606
299.22320204986596,18.865942930647954,8,4.707068775775019,17.237009564732467
372.6982248607548,19.565873677480518,7,33.243123953023634,29.62133729059216
461.50928437486556,19.16399733670151,5,2.8580090400237577,24.616299399005108
787.3242017790834,12.113213249861957,8,29.34321974255967,92.3616149672242
207.67704433677613,17.930639764839704,9,31.18234264905594,17.002055366682814
519.0920940294754,17.668240978026056,5,14.75150163122547,38.71334080493014
596.4904231734221,9.786507098648833,5,33.16672639483368,84.11863209801305
55.98590859279775,17.43373211226016,2,21.110716828401685,4.140636898052217
611.4694033824239,5.555114520732389,5,19.068452477639077,129.3692465248325
178.8188824504186,13.944048177230796,3,2.770727977279009,13.598982279478573
74.40107705542673,8.450132559315545,7,12.31113855230733,10.355586456722742
949.3966818807999,6.808503286659182,5,37.30938886452669,219.68800936657502
965.9757127438138,6.154298024438138,8,16.2811345680565,196.78689428666127
810.3133746352966,15.444331638172097,1,22.321320301713964,73.50275660537571
311.56763148163697,10.098124456520992,3,21.74884548038582,42.02060542638588
106.69539286632003,15.871501572931422,3,24.02681250308504,9.524996764367124
687.3906962470353,5.9803451119841355,9,3.391907270088022,114.35443296019437
445.7509688022053,9.729355067459155,5,15.124873937150403,59.562625655356726
130.81785249633106,13.092369385630057,9,29.202002681419614,13.849705302190623
500.2251410101575,16.860847472584453,9,8.821849791846333,32.4769604309469
44.04463590406621,9.781287543981048,1,8.939556724308057,5.1759206237187305
910.2271980579942,14.388370646555137,2,1.3935336608719644,65.55861241673466
266.1921817840167,18.28966622354281,5,18.06179513772018,17.50604797572792
665.8970615104422,14.237947822734569,4,35.42664084626346,71.00176217682564
318.59396532851684,8.494392121304507,9,3.0241367999050515,42.12527280166039
524.8673409660327,5.366011723348071,7,8.453629670344103,102.1247233901826
551.2431765498469,18.05148310851395,6,13.093296995367448,39.24789219084611
193.00591097027177,5.319041162755807,7,29.537264726004302,51.729818093907994
969.888781486913,18.12052509026299,1,25.984788119300873,65.69171086375155
777.3814951275034,12.93405701040818,1,17.221812278692347,70.46152647072154
940.1039521485473,19.086015477693444,8,30.603688631076654,68.40533718686932
895.8790769233724,16.981748536604982,2,24.775609454619175,70.10370800439611
601.9209790229743,19.969011658000063,9,35.945591186631546,46.152328775208595
922.6554926728857,10.260677231775652,7,32.90304321640903,116.14774446308002
97.6075770314003,16.5078243339669,6,10.859730637478823,6.940202367771579
204.02303379495373,11.028963704138633,1,11.586104527733808,20.568282007995993
54.775016021432684,12.198134304558632,1,5.888902555903039,5.226879813705412
332.0770274556317,14.412581948275552,2,14.141624302980803,27.551003615129947
394.7905167925872,18.10515671279508,6,39.98221283004468,36.52730969497664
278.63554145615694,19.76125203798943,6,16.824295575987378,18.638810697721222
830.45013406041,16.524101207967774,2,9.59904895287515,60.607219987026184
363.1857934266534,11.266501732510006,1,30.73683249454657,45.76449720645757
288.1251645905069,11.320355034156051,5,22.156369135043587,32.92874139094857
547.269122326666,16.06373452383337,5,6.834456531551149,37.13870403662769
149.51498272501502,8.581657186524534,2,15.846897565273764,22.250033988598958
804.1750109464992,6.65711169697092,6,17.16431890603439,148.02221933293532
83.80513724297312,10.319332364611647,9,30.399358322199525,11.753847215286056
987.0180672345122,9.308584874811226,2,1.806183386784274,110.39562153241248
774.5223216036909,9.444621806839852,2,11.491766225134109,91.79279494805562
206.72852471883067,8.50411626574865,3,21.18625575130536,30.483908576420088
15.466895952366375,5.631397844545428,7,11.48502295566089,3.194230545771227
817.3068141702859,5.268109021001207,6,25.508927849340957,214.22813658210578
709.788770409141,19.81583584604047,8,19.79283169171005,47.461521668142005
731.7170963605774,11.416597006037936,8,15.106699939523645,81.25681322372785
773.5576432190862,10.764899707395225,6,38.019136447949975,106.63875958901349
83.30420521674945,15.194709240396048,3,25.654220468271838,7.283892895462082
364.8810712588299,8.273808317975963,3,6.0677135184497075,45.77923217896792
124.71036892987841,19.24941775925338,1,22.843576200292425,9.31290717443078
864.4723916168376,16.795175216233282,7,31.448542274835138,75.29647654318612
627.0651455592823,6.341165034683893,5,28.631098202219096,141.47108406254256
337.5890446041227,11.263711636773925,4,7.7114799425151155,33.53483532612189
72.9227667831634,18.18677461343247,4,38.92437996256403,6.123509074093631
317.8724984985056,19.170980334371155,4,18.503732184117634,22.839854315805304
331.9314888064796,12.011022668748046,6,7.201975145870191,31.25033623269329
732.3101165546834,14.201170838160616,8,8.02763441099777,57.89065406873253
641.181896641661,7.505509191381128,8,4.83116469537414,86.55581016548686
888.3406151505633,19.86752939205465,5,32.33720622896244,62.543970847859974
477.4927759103298,8.475075520751652,6,5.759189278552097,60.26261039521833
128.3983034789187,19.140976612026883,4,5.879885028528131,7.044184528478804
716.1123393507651,14.744699734885527,9,34.16839297567267,69.53881558235571
763.1771981307285,14.116051923182887,8,14.439559293454826,64.55452643837445
565.6644255938013,12.69032766524763,1,2.2034582680148254,45.549422246910034
773.2575081550153,8.46004717576638,2,3.023916681218024,96.22428415648585
498.85764040074685,7.6479204800826235,9,6.544647421451927,69.82646240865712
527.5055010881741,8.30729313605263,8,9.322340571051893,68.73205423613774
433.26560817496414,7.796573932163818,3,26.94070157529781,74.23245745425692
35.164935476654236,16.6937671035013,8,7.1357249200713015,2.473367825801298
116.81251272337141,10.25187888750095,1,5.636101255905808,11.584109228492775
41.11489382986691,5.8676401484509455,4,30.82404651757489,10.432919627117487
640.0463071511426,19.53653945211217,3,27.17115607053666,47.311933644123656
321.2124212655634,18.256788274451385,6,17.97764463675421,22.203196708805503
513.4849842530557,18.916284247928196,7,22.423081087724054,39.48171668288223
908.490809186832,19.923617339696527,4,13.167376792730321,55.974730624618964
256.7993068573862,7.608428738292309,7,19.817516389179065,47.819736502874356
416.2790938052734,10.943630283539882,9,20.760233310327084,48.25992233329771
757.9956271576182,16.37357713556137,2,16.10225357594574,55.65354523350591
236.51018383670623,15.440309270806884,3,36.356316216214346,24.29551341606666
86.21011073050506,7.308438595097826,5,1.6264127342592398,11.925770893913016
296.85393838463034,17.237496874859268,3,31.5046792605586,27.497130593600208
169.60907438146438,8.36660857754991,8,5.850930418411648,22.428051994474597
930.4006758191473,8.357264222339346,8,32.10434706095078,156.3256354728326
810.0391757687728,13.054616343401204,8,25.020564711392126,77.92710045759503
637.0697189453192,13.894099022625547,9,33.88784554651969,68.8885644191444
872.7459842858406,13.701293117567168,4,4.803058699995001,67.98295922930677
805.6353561301233,6.3723025609663235,5,22.800244729891187,172.32817197349834
194.70435829717547,18.161912939455704,5,20.542427330225685,14.872772332055774
893.633408505078,8.98400063883059,8,28.541534135570988,149.719229069885
543.9488194964943,6.942723819242063,7,21.837331523853358,101.00110016843729
809.3657536124219,18.331221198034658,9,22.088648118191063,54.97866389138033
897.1303869242583,19.3347724734463,8,17.754241799466524,55.13110466987673
324.8234402221452,17.93191425898176,2,13.044542536286293,20.86074258479608
118.95140528239999,17.142741120873172,4,19.808310088835494,8.835550889421341
235.65581091652226,14.828629709585325,6,5.621201991967623,17.49476605320067
432.83671073999375,13.26286055913709,2,38.499020220340306,49.41986470850766
819.8346182632682,6.304801398671152,7,28.862019781437333,188.94102022867372
862.12327742378,11.12679819606048,3,38.14621755082602,124.0213300435616
16.882609225878795,10.59032775518471,3,9.842367910868568,1.8426197394801482
515.6398295517901,8.896306756404893,2,35.294299786884594,83.6441369086786
423.2368931172912,15.851301705328774,8,32.542809397978004,40.66349813156581
229.88673236602295,12.438136026181562,6,27.408944085849274,28.795256794905157
128.66671366034598,6.215693238614719,1,25.376138257323024,28.931087817291417
344.23901968959166,8.30274802924717,1,13.345436945446929,42.41321929657081
943.480606873394,15.248881454893938,7,32.8400206136362,98.08012659802407
329.9709027005477,6.141962892354503,8,20.55910299770962,67.82190802621288
523.6027155259325,17.76810371073153,5,3.764771459760129,34.65973438557698
705.9887693062261,12.427197905209615,5,13.20166327335007,68.45574767882252
369.99330635550103,12.20879865989972,4,37.476586843267775,43.35381902645045
972.0642618937511,13.886116769892764,6,34.17653016358901,94.95782048496082
962.8228219926901,17.370214488877238,6,39.294322224985024,94.88311475747265
259.2644728671105,10.217138118532896,3,25.491741921559825,37.01808545727853
502.2760208334616,15.170242288385953,9,10.652892852476066,42.673890802945124
307.86952671860195,13.485979459936866,7,7.349786937397687,25.359512423725125
291.9920894336929,9.00542405254132,1,8.289663183730003,36.35274597539844
46.51807788098747,18.179449795327372,7,1.7720306755429212,2.5765753167469923
613.4686906400979,16.961390324103924,5,16.236602328451628,43.49694299025736
507.6522329965729,14.876777519876383,5,8.465679539482158,37.7024377047128
60.96396373748946,17.75872593641363,2,17.054562957811395,4.357976829503019
285.8599995942453,18.009413014397033,4,37.46478284171185,23.74674483444901
909.1832271069871,15.625444650725521,6,17.79106817078041,67.56145988213271
247.1662717603027,17.55519992545508,7,35.241395382408555,21.694073309584766
153.44592337031085,15.462071925039254,5,24.614685898019182,12.9996699410759
494.5582326747874,15.202111576404507,9,10.638130631794285,31.613298582464214
985.7939495694947,14.279170673227764,3,14.878335611109245,86.77764445620002
249.6347187963854,16.290749593364616,1,4.272861897035748,15.40245891959643
675.4141919318198,7.379076579396106,4,14.00504115024441,114.42439124699116
764.0034191754304,18.213061387983927,9,27.42409687463783,61.092095045437524
245.26116855247568,18.07765291617848,4,3.812332624247972,14.546300845123488
730.934185125741,5.438709245518387,2,9.010654930643145,171.60523806061263
374.1053013920607,17.38725125847144,5,15.876200615119147,26.45608581261129
635.9827722876437,6.933048012101678,3,39.29993194362254,143.72558790753402
637.1944136532858,10.026782813887127,9,31.60961109539633,96.8830862932863
540.4169372340109,16.152623844374116,4,29.60598311319205,48.180839234501235
99.38687235386422,7.411398440724623,6,5.531447304492393,15.365325713320779
836.9494706333456,17.26950536178593,2,31.458839850984667,66.80792443355806
327.5722643220185,17.482012669366128,6,31.62548364912459,25.896835340386104
194.6533252958557,12.612016006412542,3,24.4430051293488,21.90039384221976
50.367390139216276,5.095788075752504,9,39.6241094979365,14.841059808348803
594.9840137563594,9.30557199762369,2,13.684902331057526,79.41030161347193
680.7887182238596,14.253903775636132,9,37.70962548143221,76.16101890645278
26.42195063857759,19.717792670411352,5,36.67451348330364,2.005037866278284
516.9721277162882,14.477202905250026,8,1.4477457302257357,37.154672475298874
234.23081744595856,8.897053715962397,2,18.55454453251763,31.576558007795946
648.7210625053553,14.510085546494171,6,39.10706508901136,67.38806783690927
182.62276471494152,13.099780695737833,3,5.021733133914956,14.813230574542105
694.0283607214413,16.697680927267154,5,22.36360308094946,55.72634136007439
392.86799283753203,6.604709582404376,8,39.17934277460306,93.0067953149809
937.3626888493671,16.41541853753042,1,22.664321540128547,78.17244649747842
146.1457347045333,13.118998680141654,5,8.402796815914083,12.787763391696675
347.65568753975595,19.44488005788492,3,23.705145973611,26.08972995372553
122.33878602818318,10.12808249058029,4,8.973182384032327,13.63969973053576
925.4466820957772,14.489328397009222,2,21.268466252884885,89.27940970253076
878.5659598471713,18.980421582650262,9,3.8876464985815717,51.24247420806426
265.362211438004,6.537645919860189,3,24.613824099361782,61.9504501476369
663.3842055738372,19.05842730854677,2,21.15480762599817,45.5614826122107
819.0499781992037,15.318285834512201,9,29.866293381697062,75.79522589153382
559.6488034834678,6.017555886577579,7,25.597318375192614,136.8059779412596
534.3540725724464,9.514453504202244,6,22.43464447269951,76.50865464317046
249.43376799144716,15.622581329679225,1,27.901375120676725,24.099808810639257
102.17174012784022,6.010259022031575,5,6.613734629317003,19.35572091748879
898.2436003737935,13.732556902644099,3,24.219026789085557,79.77897449129526
901.4138765916972,10.188245854294351,1,7.71231351008833,100.56852857995185
636.7704427005352,14.313732766512157,4,37.09536610622335,70.31786056070096
345.63949313821365,5.686130507187693,2,3.665030088978564,64.55497155920347
355.7174788665343,18.073052092285643,2,17.784615237940937,24.767949483039903
728.6961220815369,19.60233453766095,3,28.13610162856235,48.65462881156585
898.1391573530514,19.53316782928537,8,18.86286625506209,61.56837248285698
888.2155600224661,16.24477747614387,8,4.591714876083191,59.53511453973521
782.0767903990476,6.951293601959479,7,22.581781628941588,158.9162946440396
645.6113296927449,16.373947938935338,6,26.02364444426683,50.60277278305287
93.29856534509834,5.368803746882023,9,28.447900128629797,25.42205851198864
170.01242695366764,5.331853272934959,4,15.557132764047598,38.865618714015476
899.5686466418084,9.854153287243118,1,22.982738870121725,123.64165691001229
610.364769062994,12.329647856069986,8,18.576772522617613,62.59186893104161
19.10508110046335,16.556111267116897,7,27.210185511337883,1.6691180328377724
110.45682743737179,15.249430649097578,7,23.75872172566792,9.744719740223957
666.8667514169753,11.688540595651226,3,21.50449256280626,71.4877972717757
15.0109680077565,9.104399994224988,4,10.731450306691697,1.9224350868802413
169.19997090332367,19.956867502365668,9,1.0787221921811228,8.523208000911255
553.2464514729203,11.392719533539594,6,7.789185337145741,54.00906667461554
694.9762457157664,11.770805364945133,5,5.565575615542578,53.774996846804754
655.4416469075745,7.454357317875038,3,18.514305055426924,116.18058812914279
232.0266163659542,16.92214323124894,9,24.878067879711942,18.531898530528622
715.0574291340605,15.40523338672233,5,9.310315338707518,49.33302809583347
244.87659662183208,8.311544191831405,5,37.6232267427203,48.21519685630255
332.14570117767505,6.235715684237641,4,1.2606030397316235,55.99908987362335
749.0264910668438,15.207489531120697,4,31.119739591448372,71.06289958686465
653.1365700567425,14.81766821421703,1,25.382986011687247,57.354688164167456
850.7311763892361,9.098892904973141,7,15.568637240859594,116.35957852082052
661.03676337734,19.262953433756156,9,2.969068832083909,36.06543590498743
572.6255173021169,7.265868376713503,3,25.471976299586895,113.95618339930408
102.73802014981155,11.485022015639029,2,16.03892700176027,10.851290975491862
374.0386450288392,19.154238802513984,3,37.514418437115545,32.339518004952005
272.5503440049082,11.295909753891834,1,22.13761292070087,31.27215924085212
251.54974694529275,14.577889214961283,6,37.64640894044682,25.182865266204278
973.2804492049211,10.963915969441913,7,9.59886404545886,95.80346582497035
399.1667474200928,9.113228035230051,2,29.303310504200027,62.85667441957482
893.1260896253422,19.759664719397424,8,25.0727118131003,61.99480419593851
634.8272397372903,11.140010094725646,6,29.83692096342116,83.84291651092728
796.863190506232,18.411488055187014,4,9.372046694928935,49.14213262767845
507.61072217414016,8.449319088366293,5,26.934786133273175,88.4714002427365
581.1348457800955,8.19657056037625,8,20.42357532921789,91.41102373789913
497.59251688067525,5.46701124326767,3,29.970174021346335,118.7654723314363
203.29055792006406,14.775002380638275,3,13.754741121920894,16.497380994331138
725.2275941088902,10.527895155856417,4,35.71222399314485,95.17291545435877
287.96463881644723,17.965373747594555,1,4.287751269842665,17.29128064431469
34.0728067671393,12.098148600373356,9,32.480383432856335,4.409918202492813
649.0175729480961,19.522901418720828,8,34.591465406788544,48.00335943591586
185.33957261297846,7.782882735546817,8,32.87284014330602,38.07804302780592
941.0539985093851,18.02934751933416,6,20.996329376209264,71.52680389225728
954.3892912325615,16.648952791876127,7,18.097014221199693,77.28199015687808
915.715746318244,16.563827669660782,6,39.8542291744702,89.17086706802692
376.45711325288994,17.671748421753314,9,9.937706097352322,23.263215937987912
25.302050363578754,16.415359864144982,3,22.32816266916574,2.137932212452746
929.0353769618481,14.393304824471231,3,27.156345489910695,88.00209694358809
433.9023068341412,6.968673165235813,3,28.333837798595848,89.2506418743067
966.9882708532328,5.487892692368779,3,8.95696196380457,198.16524855619107
963.9837773183604,18.8127177172353,9,26.505769601252247,75.64101818667123
854.4793609126865,14.24975471781107,4,32.91641309277215,92.8425708967355
301.5044031488898,16.948059364642646,7,2.9507244960233763,18.502469147975905
391.246751315906,12.22283527268825,9,36.549330439687346,44.72245088846884
852.6253048016883,6.759622834435917,7,2.1506581506630313,126.06867918162342
323.75278510471486,6.877786883038256,9,14.88287026704738,59.60826527166243
177.79781921923157,15.28347930843457,3,1.6167146530855208,12.082332706233624
561.2332498337666,11.454588423491941,4,4.0086615730436925,48.03846113005563
936.7932264191732,8.00787090050505,8,36.535563122023085,164.73700958906807
699.0694987082233,12.373918201121553,6,14.839572399099765,69.74611748699884
574.3605583884713,5.963134056127012,5,17.56608968657706,115.26561204744922
106.20472883306086,13.729571028715982,4,9.398430873919553,8.401993724771824
618.857154432178,9.034901066526466,8,24.28673503728207,96.59229579529104
990.1533116032207,16.96338650955782,1,24.197325372433795,84.33826930728927
148.6831750841588,9.655429383853606,9,15.515815281183551,18.270298651853746
523.1463558400993,11.828302236227017,1,13.988360000410536,53.38883479832963
878.5993412086759,5.174308098621509,8,35.51360801904293,259.28755205170023
743.3609315766624,6.086703316918383,4,15.948085346045854,150.1018678808624
700.0455835853153,10.887403346100271,9,20.246538694021922,83.99621659285363
705.4592431472382,12.199082520756853,5,12.048885734572295,70.86318551574348
365.89623970755764,14.000308221789556,3,31.68401063092797,37.2565505875116
300.6559258218484,9.374938680639548,9,16.500478119064574,36.95662563227694
811.2675439237285,15.424728291898138,9,21.030830815228658,75.0334289900768
812.012260732389,17.901835957838067,4,10.880929632326795,55.63643491122403
868.4015953943026,16.69776483340025,4,39.51872410130882,78.26480518094307
914.1081470309066,5.594282380225357,8,12.368333896025192,195.02899601193658
516.2289748723284,12.207604208867433,2,31.058958705316517,65.12117451840263
506.5011317403276,6.573952676272623,9,17.67233036391361,101.12106445670828
800.3122271771074,8.630675237937911,6,9.042478798281456,107.73892742207413
653.4642914699875,19.799938899007195,9,32.189031794629585,48.52200384200687
704.9472084851263,7.137433143522698,8,14.010664772132683,129.8473734935722
797.83474274174,12.483322301770341,7,34.74254054851463,98.29264228208868
891.1052883993906,14.272336014771787,1,36.6950302117951,94.30965829959591
344.61520528302043,15.536974558161559,3,34.53312958025976,35.13611310796572
381.8271231135446,13.394730252303711,2,2.3653086774654204,29.65891482841531
103.04212044246032,5.146562711287755,5,31.70756045519912,30.060777676622692
582.4973395862122,9.896919623659878,5,17.04223919346661,74.65276587031401
45.582851058774665,12.765674650770672,5,35.07519388710678,5.584755934740423
470.94203795113555,6.3179974871725,4,25.880216244704812,98.41398769140282
547.2181883605009,10.259403968137711,5,33.51208223161438,74.33498714106432
293.67583960700154,5.498046631870499,3,20.477839024806578,74.82849144173065
594.9249279633207,6.178677457325311,1,21.86599467935838,129.46355931957248
40.195247439658935,10.953849143023941,5,6.631117653213022,4.190002418589365
46.974706861722275,6.9907363106459055,9,31.57550698888486,9.030898286151627
824.3745550530617,13.513112723923372,9,17.356194855011893,80.9886337812983
366.58873499715025,15.341974537058986,4,20.503124612591723,30.428528932990385
135.78990752536595,17.008800486636243,3,31.618810849732597,11.29548739158182
527.0208274542563,8.002253663672152,1,24.35497060309812,89.63405643813428
772.2936175676248,7.512238733886046,2,8.84285037026403,110.74717319131217
223.66281722187475,6.5685176050160035,8,24.019073706884818,46.31472393584844
626.6615710608103,14.54645374315455,1,16.897681461206574,53.63120254319241
94.49399034383032,15.597135897303517,8,19.311496139710645,8.22764013602387
61.16490395692162,5.473792172384631,7,2.1041397017040437,12.39901843750755
536.0410852524665,19.043183693655347,8,9.191144631134982,34.40210487982768
545.2287703940054,5.7795692547720865,6,11.960485173860102,98.66432970444532
641.0556024832244,13.119445029516058,9,28.805440306493423,66.70386758088182
728.8304203854349,15.635907791763746,3,1.448206458626497,42.208082651942206
976.0935586679093,18.064536856191282,4,16.94231318793615,63.72147282456715
521.1373448181834,15.711303981986417,6,37.03704794660358,49.921465186675135
329.7269082118335,17.025921246046877,8,5.36334404541583,21.35371626229758
797.2343328210167,10.091752888142091,5,21.14055114052583,101.3447619118015
278.12392874945346,17.222376706197686,3,31.674372913243033,23.235526437131444
444.58170649857976,6.201722695770127,6,37.758720993284555,113.30934860649279
87.67181752884329,18.422249840907917,4,30.124288941815003,6.31892907476577
35.09723598130294,13.213885642306044,9,29.10205639713184,3.6555667979644935
963.0219305311458,17.259466549437406,3,33.23303551763473,81.50601467333811
837.6203193070837,11.784774267774502,4,18.401847618124204,89.77771525648922
699.014464032761,14.653665427947875,7,32.42793677209549,71.17852464483138
414.86341497012717,12.896039914041697,7,1.3106117850725938,35.263498058891415
181.5613768701373,15.973842826329978,4,37.05788115969539,18.487421728302728
164.8726722443752,6.2244497304588435,6,18.288953871169838,32.45607210127592
257.74046918294937,5.905281259858457,3,22.581827326764156,57.66630098324377
553.7343980590592,8.706548510152196,6,10.94040770768041,72.8173377601266
717.4499634730618,7.393170201697825,2,29.958702480776434,137.03535900277566
663.595402950554,18.076753498883026,8,3.9887964525347037,39.43642986023562
287.1345579764834,8.288209810370665,2,35.03279629932658,47.93439077466047
955.3166278565621,19.63797883728697,7,33.296556331247366,76.1548234847359
740.5179475288109,10.053436876566604,9,9.42634453354589,91.1922036010589
558.8105119862867,7.731768735330489,1,32.56365153312523,106.12603883239532
615.6035387720087,16.845477607137187,8,31.667951589397777,53.123429850751194
425.40406180351204,14.880616632513142,7,25.656447312404012,39.90058481399116
255.25367960614588,12.472935746797084,6,15.567286899087813,26.529910518231972
362.41295186474895,13.330453264064468,6,11.588451413092846,31.395191665715135
760.2676493597254,15.788026674083957,6,10.03956002128465,57.993807769556085
24.24955374345831,8.426821119969482,9,13.42574954778068,3.5416259075501832
124.91191410184707,19.94500874085113,2,36.23877929386868,10.80867234428227
55.54261560153522,19.62189743220175,1,4.02799026356247,2.9523448313634413
50.32151429578043,14.754885295204053,6,33.325979773865384,4.6099727475626775
856.9059781708971,7.993136763937176,8,14.606712926631118,121.3301328174257
706.6212807862235,15.20342363646937,3,21.34237644444297,61.39355964852584
479.4320907964519,6.082976134687637,1,31.984939712291137,122.62300241720273
106.85581904449147,5.459787533087091,9,35.49068533389588,29.012020500969825
496.699716365664,8.865243327668205,1,14.446475382833233,67.38169402347214
478.73705307276003,11.939344351089744,3,19.011895769729303,53.29693345686812
181.46985121091504,18.024087581125706,8,17.1661265278549,12.049637122243809
439.5131327455933,15.90753604649462,3,1.5167903066525112,27.39419839842297
404.5196870533997,16.140597817999716,4,12.541772665487608,28.038547680407305
619.6915970716943,11.38240001672113,8,18.908380115569912,74.0013756467473
638.7427143589673,10.189024888204443,1,17.03265074633715,84.77268550460306
54.85096967432407,10.565581444769041,6,29.155239873111498,6.872589386940393
380.8664884802065,19.814743456040866,1,16.007341071623024,23.667152654922617
629.601316557094,5.601637871187237,1,20.08568150985614,156.55039337165132
508.10489599428684,18.00547244183673,8,17.75473509316217,36.44727547684163
857.924942776439,13.6801311285859,4,29.884419806880448,88.60366094858317
662.1066953027556,11.579231287843857,1,34.65592356049154,80.18672914266384
171.3050828106154,15.878864906227047,7,21.74367408129305,15.13163838825361
79.86305992642555,12.300034121370544,5,31.787855573612454,9.761697057594837
645.9950854242525,18.10134857122491,5,12.574680598774172,39.29495694938471
36.24619743620559,18.51052796016888,1,22.11341479613348,2.762798249854151
589.9178254607286,11.325813903101832,6,14.463968193128926,58.314496941700604
940.8279390107081,9.152416958525773,9,17.153836097301383,127.82080446183102
579.7194360971201,13.885254928900434,9,29.564140727694074,59.46822912307203
394.2882269444567,18.685450184250364,8,35.3848368109758,34.91516412692879
646.8553362579296,8.159932835084998,5,5.738320252422851,84.97172887517029
463.6703615866015,14.344498753452243,1,25.75093100300784,44.21655383618109
550.1606214227755,14.473403301387808,9,23.70360849553414,48.015326411116
942.0501606887599,15.996695336229214,1,5.618186527861344,61.808578137087956
392.2416114227665,6.973515276908897,8,9.263878887164253,61.44542169022364
961.5786581856751,15.737374470231329,5,13.12909729457453,70.33650866418499
906.2971355365031,18.635487809984618,3,7.510311761882558,54.128586317773305
203.83322344140348,7.69524663305363,7,10.50544981844933,26.930388648595223
78.6676878664138,8.563149873858166,7,11.436431155606593,9.950018013551174
109.77022136365238,19.570926410624594,9,14.091279488523325,6.756662411874592
28.03960739503423,7.714654290642347,7,30.2262276592452,5.314515889186003
103.49853114836911,17.815776400543687,3,23.304575950173426,7.7486432856121015
686.1767056821933,12.384167846720523,1,39.46362020610466,88.0264104415506
80.4767619756267,8.708466116047656,8,17.17469725173137,11.38419812171747
325.7858739908237,18.06124851908767,3,30.400737879640076,26.238992114201576
846.42655785976,11.679578825039982,8,34.98726843368482,112.90260688080193
33.03921637846761,12.722260308945353,8,27.480161228483635,3.745759141820232
816.3237977630464,10.388500540996485,5,17.062724876282342,95.29157133720838
289.03622702566594,13.89426277152391,1,30.390190599084367,31.671169132506215
126.9831793454397,7.452858088775342,7,8.94301837313471,19.47557437406549
699.7697937105091,10.86622304977641,5,13.774534442025164,82.49196868242552
632.6534183120851,19.541184835029313,8,22.32072494887226,46.311098833980296
878.6972933917824,8.872001490516913,9,23.440966104159784,124.20946457866937
737.720333365847,14.851049968119383,7,1.8635175434325488,48.8699343409151
805.4461210810001,9.877850963370424,7,37.85945336148434,133.04735283755898
289.21422684559343,16.602096885299012,1,28.16846357747821,22.718030569987693
185.6651483419256,6.963104910775248,4,20.332446259043753,37.26718528077549
753.1086041244497,19.547315676178172,2,37.391962141924026,59.102736753376675
808.7663918745914,11.80684312075459,2,18.12472704478231,89.62782996309595
990.6000905806666,8.54075695019696,2,39.2369872405445,183.17636222549078
418.4915001423122,6.10245120995019,4,20.979105532495918,83.88130276525249
378.29790493485535,7.546368576313111,1,5.4571450299211985,57.09555991640752
778.6488311345769,12.796609228340266,4,30.827237925911813,101.22333892681604
347.39550485048767,10.055047646469294,2,27.477011278035782,47.532724905918805
931.449752347529,17.433250488239143,5,31.146482130917885,77.12809548021043
859.8286243245817,11.46331285492709,3,38.10623912030156,102.26664868883235
434.70408710126816,8.730714088814448,8,31.283082803389707,78.09747628807949
753.3623571135824,14.25717479906045,4,24.84212748644923,75.83771416064005
756.9974453438356,15.601658253281688,1,34.435047192072794,67.2049924715831
112.09263014757329,7.505628618514248,1,27.25661113482673,18.868120729428636
903.527377612771,7.514288244324765,3,16.916643216211,136.05985267961668
510.1998487233786,5.550071404003145,9,35.53917080542916,145.4779472957722
828.1928914466642,16.04603022598461,7,9.654117970590542,61.28881748920017
326.8491050203056,14.957067914327077,2,28.871009721440245,29.87027696940885
896.5679962112384,12.119463136247209,9,35.38097474268952,116.06526560481413
395.3096619468215,17.662556734537958,2,29.521344268428553,32.54860684307151
20.729274965495378,17.085052294250797,3,28.19374134310042,1.6947075022458156
906.328156655071,13.780315465951283,2,30.352893468801604,100.35739599533186
100.37381001827222,18.02406920769888,3,19.137154683725132,6.735646317833266
326.12050121451074,8.087618150551524,6,35.092656604124016,65.0807838909787
950.5613473802969,6.678794290965918,9,8.934022530307557,155.51924350484825
951.1010754681805,9.046244172754843,9,5.968070224013232,124.75343539544367
577.7035092420532,5.856302841339723,7,12.13484242462195,110.74128988163619
635.5188400481013,12.96754292001548,3,21.731518474224732,63.84151079488861
453.96106675853656,19.049085384424423,4,20.911910020964186,31.39814314595591
300.27866398108387,5.590153110027645,6,33.00335154938688,80.5176642752591
335.3778999162168,6.831648710150402,5,16.77817759975668,62.95485164422506
675.7932715162681,11.782985424251528,2,19.889432625368837,69.67732320017072
754.8507841433033,19.008125262918576,6,1.5213396471164298,40.54245950586941
793.66325328859,9.742341574651258,3,16.979830221274625,102.92031775248672
791.7219613666083,12.608522130325888,8,26.26319508506334,85.21998642350097
100.29404201820347,5.6235928857558815,2,1.604824894437095,18.632815288637104
499.4761016555557,7.225148014431333,1,11.954396642263507,76.03814294060136
66.98317241647784,19.799451844382702,9,9.110298012286208,3.7826282508904923
554.0335935004982,19.476780446540683,3,2.637431727473941,28.457582468091235
447.1151963596432,5.074099714016144,1,19.69114350666696,112.2981733674012
888.8271409307167,19.277176781348587,7,8.087208435898104,55.4416467464056
357.4058624265579,14.586799067232505,5,29.980180045623825,38.12509799051877
125.8963462633298,18.01877441780033,5,34.06918746677059,11.228175902589523
151.5617652323075,11.821097834507887,1,22.277822124096765,16.710388089274726
763.8955254002975,12.733940428688754,9,39.28658635832452,99.66697407828035
622.0358826830984,12.332698703853803,7,18.56866428735322,64.84870557516884
110.11144936156234,15.002963863191566,8,21.021360198771706,9.675553396899714
93.26573805384746,7.094768821344694,9,39.57949240435226,20.869173163235143
703.9594401445288,5.449603848090169,6,10.030389002636904,161.67764426292305
82.03537630055159,9.618949123867864,5,37.7592916473993,14.271289733416053
823.6414586974527,15.5702114410497,6,2.6706646496454165,57.06677699341375
709.1798048849313,8.027801781844225,2,18.409088720264595,111.77454721218909
90.53529283548076,15.10148649987376,4,3.7301369731895653,6.343086208438882
93.98933694434,19.548680691609057,3,29.440154973632076,7.115043284398761
986.7731827161637,6.408510736841276,7,24.727948499320693,205.58677564843308
380.5280877985591,15.089031773376893,9,28.55873627523626,37.71213953623487
376.935725596222,11.656253289568568,5,15.604735598752661,38.068741239280406
814.6715715849275,18.02213381566258,6,15.409795427223832,56.74305789622652
947.7760916100201,7.657246841710789,2,2.7674518794748897,114.15444534931648
986.1410531846421,15.389389283392468,3,14.647852641655952,76.0068633255927
755.8444034063522,17.571729344721653,3,37.24224768822032,74.00913785053002
382.4969896756066,19.16921329211035,9,15.789834950037509,25.958345936970677
92.66570953168208,15.248720424344688,7,33.42334054265683,9.824081587568706
779.3754467681624,12.45762146012641,8,33.850694685247426,91.18140334746752
562.820207238447,14.267708603018207,9,15.556405098790119,48.904405071378065
429.97978915450653,18.033574767180774,6,25.647558535451374,35.13244627322069
907.2908412437886,13.559146199582445,4,4.719492488649287,73.91861808099847
120.08550748308983,5.455805895452553,1,5.043464648636784,24.27776818399349
497.6988532479506,18.964230432604666,8,2.897648882806819,29.617432027928967
21.240108319744877,15.342901265473417,7,23.65958864162927,1.7780845884543008
473.974035574185,15.147700786658698,2,17.616768127417785,39.194226649505424
65.74024292501898,8.235127285965758,8,22.373261909905363,9.726860528154363
127.6297371053912,14.883282053489857,5,21.321854429827127,10.698297963981522
126.35098430933384,10.907966084812378,7,14.65791665253848,14.889110636027862
652.718199094903,14.768494655622382,4,27.42146317811544,59.514706055498934
748.5844304727691,6.598895454619861,5,30.581573355739238,171.56455808482536
587.535077446188,14.86767956904554,8,1.5705020962293528,43.802706512298876
962.5508229897965,19.991205886559996,1,9.082449690986254,54.221601208116304
381.121873728467,5.72318058290834,1,28.816198855250136,97.85603151359052
292.8549654190421,19.65761276331976,4,16.078186732719534,19.17794959892001
869.9131369075657,11.10361941084306,3,26.836873930722717,103.17195359243144
231.3598801342581,18.061301755058885,2,14.531543729647778,15.120981751386376
963.5903140462052,16.735782260874103,3,16.239450940855846,68.00865044642414
22.03292994291818,13.505243914800017,1,7.188476073897712,1.758845887269122
970.1800384405626,16.076738138769898,1,11.071009766980241,72.8879001542754
52.728312831070355,18.177733419520216,6,24.611058542795902,3.8533588998929713
892.2316825610903,11.062104824765495,5,17.893361341291488,102.12503869548283
532.4240979954369,9.90549742344858,8,31.197804634839212,74.7910578662892
993.0351481581073,15.01390078345377,2,34.25081324259537,106.26140078071538
83.05859908804487,17.11768912911888,4,22.124210310453634,6.286339842823438
558.3157415573075,16.434277021649237,8,30.572424390186306,53.32536500183274
969.609510262908,16.967204732879516,6,12.96927601458823,68.47120925813267
527.8668657284474,11.533749722193996,1,17.18387740060305,53.514381011537665
633.1046517539099,17.267513242625323,4,28.798329372456408,52.05367018267187
698.791202094771,6.8031358305591265,1,16.062267719864195,120.69055304791145
459.9956541200955,13.167336469412744,2,23.951692471200566,48.88502884372709
631.2824992832228,5.086379907471824,5,8.229538384217948,137.61101433219176
588.4711688038692,9.868787448504055,8,24.39108128384942,82.11060311376892
902.1464303860791,10.496923023070968,8,34.59903458184885,128.1366222791164
54.99191653804329,10.942590374138831,3,34.8769459531136,7.442055241582572
288.15355769630804,15.432008100347932,4,29.249431846852048,25.55703291641177
950.9073692357931,10.828371519055185,6,30.084381783968915,132.77337781456993
891.3611460520071,11.730404339337959,3,22.759170360877327,101.0458886187937
461.1001852578558,8.563161963114911,2,23.802055516467167,71.92222206489585
623.9312718235213,10.598776874440102,6,6.212372675010202,63.71611265938361
284.60737115132133,8.409044408947272,5,18.310508348430744,41.67693355468144
196.2399481265237,6.097938856526655,5,18.580275071568188,40.509821831330584
469.0614208905823,14.051728900720668,5,38.381415591041865,53.14002278277908
359.8187057457923,15.023191978325244,5,17.812387642308288,28.780904347117403
587.8195507323634,14.292355190144217,3,22.424363151207547,52.51832685212637
86.957290595335,11.952410657008585,7,21.796804571884998,10.31926054223499
974.6508595895049,10.696786702688447,6,25.83370696472876,124.13121583709402
986.3486370348069,17.95000474357738,4,30.18108042194394,77.62496551841815
701.1800968795477,12.786226777043272,2,9.776633170664013,58.65558743962905
540.7354026806792,12.187728164445964,9,21.620252344838992,61.254760172443554
316.4323401234645,5.384630987096536,1,33.210790585325185,83.39250954102978
815.6570695098792,10.118717414392346,4,19.06147383966295,103.57730265579404
687.8838608283405,10.702934281787856,1,11.859844308569347,69.23833650394896
170.9907699514424,10.982341713453508,6,26.533653938895664,22.656822072121685
911.8179126489041,13.702585538409984,4,33.1269284361658,105.47050324491642
824.3118704939372,13.004038200903176,5,3.4624714241682613,68.29656814486658
950.3019141590048,14.11857639190167,5,31.294828852881857,91.31642592288718
728.4623133044764,16.473248923131926,9,33.044269385509075,68.91341976676377
617.281043976432,17.1947860807414,1,18.999394175955665,44.222001084993266
424.0606059277127,15.771846143397417,2,39.34892061592023,40.253559403123845
933.4011985204731,19.33285543932402,6,31.681625287585057,69.85907339055144
867.4032506054043,5.2734887401454245,5,31.172840030930963,236.52659753862048
54.76648340512752,7.9366697852531916,7,30.1657044020708,9.769684287530557
36.103304752279485,5.1134431246721315,3,6.873716025512686,8.284440465084986
382.6987332092691,14.712120712319045,3,9.472004571667421,32.696733895005295
812.4477974740146,18.470458234249804,2,19.095615127112577,52.71186344926591
987.403368021795,8.652234448644489,3,11.296169648419168,128.86166912947812
158.9127221924929,18.9055181719446,1,17.194397921027576,10.649039633822223
598.1894081986138,5.904010854343412,5,35.650100286993904,152.47746458454927
387.0819480647113,19.016540402082715,5,33.1487487832915,31.084769902920865
970.2152538364571,10.274340308594516,7,25.571555260719308,136.63585128628415
843.6977339043516,6.521312426738248,4,34.46669537579304,203.61624026420205
839.9454176640264,12.288076387794884,3,31.56712317167272,103.79147955900942
474.00622819702056,8.85164851580762,1,17.73041234179473,73.41568977628313
420.6713073142885,9.273093529428841,8,8.841540929947861,47.29903682887426
280.6730012113992,9.609349473894298,3,21.05384056036423,41.27675281943557
65.81174168441785,17.04538846748995,2,29.712926418613456,5.466520003682401
866.0751524925026,13.087419150128817,4,18.020364350454127,87.36397449064393
814.7719990387768,9.669615487340055,3,27.004104481571993,112.29675886977353
999.7204965532693,14.155006749663775,1,4.678769625350702,72.14996268605687
996.6704687031663,15.742260113347903,3,30.172184718484733,95.01019769999589
559.8773885466012,9.089360011003006,2,32.69583117582942,82.95299314537138
771.2975410287054,11.203236522880273,8,28.566676375441105,103.21186601865163
945.3180725836038,6.828291400054214,6,38.72327991352826,232.64240384385326
851.1509167706373,7.717240243020205,9,33.23943024096498,166.7520930409341
254.87462072576568,15.216767809474742,8,36.22065538718499,26.033031555446378
456.0386939569926,7.721575215434404,3,37.409272254848275,88.35825218546125
137.86782099998004,12.877450755005903,5,32.252571683078536,16.421355132126397
954.5105169861351,15.63569392583649,7,27.296094838253467,87.53770914601577
610.1128881063712,6.603153846421158,5,1.2230246730707823,89.75692886605626
236.3563774484281,13.509683294433554,8,19.167204375701864,22.08446771962898
674.9836775617981,8.848441755520456,5,23.27532964627208,102.09547064576051
621.9469580533168,19.443903128563697,1,12.857180625471985,37.406241683988874
364.5810908525121,12.25318470079887,5,13.406073429235411,33.30191310967287
122.42201627763274,17.08988824662737,4,38.48521721269644,11.693604929954272
674.8574636368716,13.253398132343927,6,35.77672374290709,77.2929345931121
525.1046238947554,5.651187992822288,3,34.11798121456646,140.58055171701577
774.5952078182829,14.497270633910336,5,16.834460266538315,64.98754755116298
524.9618661008734,19.271050133099855,2,1.5342434659476671,28.530112090915402
853.6596853153547,14.024177302194968,6,4.128667611772849,65.28247562943821
556.3877703867407,17.287832891401855,6,13.175658360486542,40.881717788976076
565.3285918200324,18.263096950226117,5,1.6139736068314023,32.4659430641339
877.8870666317616,8.421196579233987,6,1.6688414946927264,105.77397941229935
409.44803755027306,8.1806725986234,7,36.74752876405403,74.76767416430182
142.67507616613432,14.164714832764876,5,28.540181582643108,15.00748601988665
38.494849550205586,11.165427047100572,1,13.049283612657954,4.064283112169638
757.5858831168828,17.597919543000806,8,6.173138526437174,46.63217595182235
624.10645583993,18.500346850970168,4,20.953792997908007,43.95670467054792
707.0389704182313,10.301320689540772,9,1.208500273320214,68.47673818469768
220.83451989382164,8.55305838461723,6,37.59813601046762,40.06874183794472
145.00776083090207,16.70788272865793,1,17.17778965616894,11.966550154361265
24.399219011203108,9.122090533222043,3,16.69106325425598,3.169186629359985
357.081683218531,17.339214777705173,3,16.233150695689506,24.565522787353352
594.0185099860868,11.356073804731443,4,3.7038048851228256,59.03628636807302
398.321604648735,15.013248489372057,6,25.894567351881236,36.14627793818697
443.1001728034918,6.4330297075200225,7,29.58714116550578,97.20721599282916
905.117107548811,14.357889870148595,4,27.36889050594332,93.52058757177905
354.77291235306734,11.776515181058436,6,6.398984239846378,30.672509881864958
518.8495942682127,13.79912694763211,1,23.57476655338811,52.9868597270691
785.8164826137316,7.520213116172951,8,23.2098948827179,141.19460866105283
402.57735449805745,16.053106174162732,7,34.8680207297139,39.08170595755343
625.8658332255948,17.941956163148426,9,15.785978676650233,44.10484736259362
863.7400716592778,8.251097001361636,3,15.487951802717934,124.95092423007166
950.0254174210656,6.435718332802426,2,25.122555290009238,213.928019748035
155.60274611974756,5.3545787906950455,1,25.689833486481007,39.15049026628725
927.3217489098795,14.62957250664899,3,19.302123865705823,83.41024617837846
497.1951301487428,14.106410541331712,5,18.279315130886424,47.68946312323194
265.6619444159688,13.20046119071105,2,20.271759154877426,28.054250360584035
464.5443986758787,8.479206441739631,3,34.58076668062916,82.0932860595732
980.2322495326223,10.86358993858272,4,18.98550914890249,118.6116809898027
497.6919130529409,13.917145027792596,7,37.657339886823074,54.95519329175081
335.46409418463315,12.45150288288754,3,20.656146780256716,39.70717951896489
637.0668457735585,19.81678280322331,9,38.018827034054766,52.450278712339305
247.74416259041115,7.046596288350997,8,33.480444172893954,53.03654247588482
85.10469482757728,15.427168310713906,4,15.134821582017334,6.874711492885591
137.59092469154274,11.064781521564381,1,34.68201543056802,19.28891162344687
136.7653805681947,11.42299422388422,1,5.292468083843493,13.205507986514942
160.3836665771714,15.763966484872643,1,37.076839838377566,15.642414890902502
147.43890092291605,15.386542269865545,1,25.634097088232775,13.005269516559048
644.4659973551825,19.868839905532823,8,3.121239192370136,33.69681765928132
190.06128355515338,6.925914341811879,3,26.12601222238165,36.01971777328188
352.21061049062456,6.561644740762495,6,38.99565851164549,88.13019470656147
897.8205258069518,15.865082256931117,3,3.722225529970528,57.355524435510745
479.2220238602436,13.675803755096137,5,22.632820681423365,44.450357400999465
670.8821611358169,9.112409998397087,7,30.163979640615523,106.85756330256184
180.59667248961352,6.191290534834799,2,32.60008488128172,43.15079684507982
200.36612862058408,6.2848737439464575,6,17.13927114751104,40.57709869975846
50.459930103814074,18.412863119961774,6,8.962495807561478,3.0205691758827466
177.2457124414429,7.878009870781144,3,2.6513488721229694,22.93442643251685
285.80443564163903,9.850573431732812,6,23.609320126791765,40.648632303064836
185.24037943397934,8.39984603340482,5,18.66353174043682,29.117441145876754
97.81550841948506,10.32494458747906,2,38.00103141083873,15.312293750049523
129.4295123895948,6.0413576411914,9,3.3635914008814813,22.54305270036568
466.1709803523985,12.785896863624055,8,27.730418394394224,52.061488953622955
214.2703812217346,6.014188453883223,3,1.9736826626822297,37.10489123366924
370.62716243759473,17.005347617335424,8,7.6859328917111664,23.510101144957638
508.3830981463083,8.505681228656496,9,18.689580996990532,82.16606154503864
693.4908803430717,13.100178719067658,3,18.74002526931186,72.33356757648154
48.91901844268795,18.20118631342187,3,27.742321174412112,3.9572711871648596
801.4162949199522,14.763160535707913,2,36.49830835984251,82.21574982212375
631.6213855959987,12.994366798270029,8,25.922254197681912,69.3273073078737
90.94144162938319,9.865006296730634,1,38.18786881620884,15.208440789669798
874.8428378657095,9.995028695872968,8,35.38300995524191,125.78838571750185
921.663676526495,15.042304327972852,7,23.79549202570082,90.18539095170567
70.46718025631512,19.91209041831751,7,33.51788608583426,4.855650314577527
284.10887166573167,14.927587847740678,3,26.060526802621727,27.4050440932635
808.1392669951307,13.366751260550373,1,4.063755406025359,68.80525421175552
750.7770934798218,15.959757653588692,4,29.88202420712089,67.74235055575053
192.67580916281355,11.978084184255772,9,4.701429209426502,17.090530910452806
217.2558301033432,5.902135139011778,5,24.169228442218785,51.82894624542894
376.76738176346817,13.434452238168648,1,28.402968028470923,43.696360574568494
489.6777553391111,19.364379267580702,5,3.5945767202233543,26.276486097378896
622.072223814993,7.6295441353648945,8,10.000991503134738,90.10470744839431
375.2245031740747,15.350073362309987,8,36.71121705820434,37.10210707204473
467.90936897181643,8.014005329885848,5,25.036265197082958,74.0787743279705
749.9962287524189,13.037415267096218,9,10.605154733610732,69.67062186177623
46.31637086169192,6.4501467447007945,1,27.93651107477226,9.927794130981036
259.9125749005806,11.755564043872777,4,24.274280378505896,29.84604545173543
716.2160900257069,16.34244993342869,3,20.561452296799985,59.95022875087448
896.2547693103273,10.21357286358473,2,39.07129202453527,136.55680971625108
516.5606676945094,14.97367586730827,8,27.654697318892847,50.660860576184966
536.7923504126625,16.93174941184594,7,15.642203277048594,37.11030328284738
116.10029122637829,18.90766729219179,9,32.20286385099785,9.542976110379543
452.9382431552201,8.519631227831804,2,35.49874842392632,82.86573445330502
537.2910937904729,10.989738737139621,4,5.883601821156425,52.96937096369642
250.04579859838236,7.286240199956262,6,8.821566135965394,39.11286693259208
276.55079863988715,19.887252532375626,3,9.432853355983408,14.852250548490595
383.5113214735764,18.90501451886443,8,27.957260566075075,28.94891551022574
29.870485799949105,13.099356954208394,3,24.51854264707805,3.0968537772404634
328.8583739273465,17.63049941564632,2,25.140671023244938,24.069423189339634
219.3335269265792,12.814369659080633,3,37.69015868789054,25.893907237152817
334.2223786561355,14.353785320041396,6,31.260549779484933,33.98193584735751
128.5645105010587,6.336866481740249,2,5.989540055959544,21.43971370596143
891.622007932496,16.32905630745212,8,14.55277621458206,58.49983038593273
597.6565290185082,6.915702254528522,1,17.980352200853687,115.63371741015635
682.3112959530447,17.391014453787925,7,16.44250196115659,48.56253926965186
791.2795262212649,16.73042131505579,2,27.103035757313286,58.960182225640295
503.4577769397667,15.631170466144647,6,35.78383102700594,54.78046186608893
96.05108520654946,5.542405707871431,2,12.936007077388732,21.977377192395135
541.7354764003622,9.546925339179928,2,22.52320832042624,74.5908612479518
590.9727068406703,8.946688548662642,8,31.786967454629842,93.44089962899665
747.9850794424867,10.402046112072785,2,17.232504294968624,92.31902147257512
437.3429507673826,6.314641201457578,7,7.556607007572538,77.88901524250126
136.30449976760812,19.05436734546594,3,19.523087645286182,9.498984779732979
290.93814674073724,13.307033610685645,8,3.1536783089781104,21.936471880996258
369.45147343464873,9.582864659870353,7,37.7529547060888,63.70037968707977
649.4580689182852,10.95472275611425,8,3.9180270026039485,61.28395314715406
575.0705216222227,11.708038107572534,7,18.09981189477255,64.57865553840558
362.5357586388678,14.00891500040926,6,21.665369182452523,32.92276548067266
986.6500963050499,12.735191415447467,7,39.426849459204135,139.61767749475757
609.7170711633182,18.79087959821626,5,7.47485112207157,37.340522796451225
244.85452381863453,12.454452243587454,7,5.462829225881984,24.338511170114966
110.7646478941997,19.882370222349692,1,1.3395397354391996,5.918097244104912
161.33054779248872,17.77137436617644,1,7.0672860379027895,9.758609001198446
253.49815110066305,8.127657715360037,9,9.083646183639036,36.908929089133345
169.07455952696012,18.958928219658745,5,25.5926567217406,12.897166419641632
194.7013538107927,6.745495968282142,5,9.568564825264616,33.622806869201256
292.2442170069086,17.261745627367873,3,1.8003117744436832,17.935402572261744
181.63985934180727,10.709349402148701,5,33.23811547459706,26.385120880393284
897.797770380161,18.169614806676044,3,15.258232339154704,57.70427568660098
89.43140820502579,18.020850351611756,9,14.794170776648624,5.741078431530824
529.2662756745522,17.088881001764317,9,12.796682137549137,35.45036743993815
416.2928587197649,16.85045654460592,6,39.03955780871041,39.422109831170374
982.5548307395203,9.570187086470611,1,7.634501275061978,113.14879310286565
120.91851314637182,6.213789245768782,7,36.03128449417617,28.514841548727023
403.8770430552842,11.044702681477421,7,31.29532995345563,55.81637541793481
969.7757289426152,7.60286772479763,4,3.98271826447321,137.08712703838702
866.8520546350404,15.424266333536925,8,39.4824349585331,90.24037482212991
818.9013502397871,10.191495898066783,6,11.583272578021411,93.09584718717582
265.32379877449046,19.63415301289872,4,4.844734153874081,14.22128392236945
179.17871151616515,14.61458116017998,4,33.343255130904616,17.61853191602027
671.9567877251867,17.337208454515412,2,28.560345813430295,57.94692960506275
930.0822292363099,6.987870091127727,2,25.07153342923813,176.71227025423457
561.1952640837904,17.93021723408934,4,7.083253684258393,34.98682075904985
575.8965625752008,18.841357857700913,5,19.661348533982515,42.86907052298185
287.1793027236813,12.305928782284038,8,31.44168504860134,33.772288478082935
771.7980038600175,14.093794066264662,6,12.84133358760977,68.44687895209562
195.17331107194815,16.472147013544934,4,13.155903312086616,14.590300080080878
330.4424440402012,7.622579408906188,7,1.1224953358767626,44.76686690887382
431.1820742302526,12.538491146951635,8,7.795492664169802,39.23630329568103
512.5342748976104,10.979945416584696,2,35.140819379751534,70.9460024470314
249.98563509092943,7.195609882433737,7,18.228113173870575,44.317390899929244
123.68845649181151,10.51301633437297,2,39.38514547014292,18.20299730750597
614.5138420172162,6.022584640782403,2,16.432610579377908,127.44903791988094
295.7442477078532,5.387178604242305,8,28.892271736429407,76.38706989137903
585.4258392083862,7.0274943373223415,2,11.994842673284436,103.23599591259764
162.81908812146028,19.44672667383761,9,15.188576004496406,9.406533104647881
486.3287008362693,13.242943038425254,1,8.438313516044891,42.36699642831894
537.26353822607,19.487332417298298,9,14.535432371476404,34.14613524106158
61.30530145420264,11.48746817495198,1,22.342263296405083,7.212870410820944
343.23823541198135,9.677241996278894,2,39.67914235819073,59.47731524214757
143.0705301695845,12.59212794260366,6,26.90386680979964,15.718947277209143
72.74122076804007,11.592675329493652,6,8.770592221924248,7.190939330983449
990.0606300660457,6.5849702639261585,1,2.753496222070494,143.12424403605374
329.13030652497577,14.612394720353093,7,5.927902771265914,24.017534612253634
811.7757013960885,8.240572737643994,8,22.939652849648848,138.0715127224137
262.0942482161262,14.293819323467444,2,30.841252823853885,25.02312263215741
684.68769500169,14.7530163859723,8,37.67634908472913,73.21858734016764
762.6255812907897,7.280372796929722,9,1.6171037078760118,103.6571919322123
599.6823532017659,5.920244406660022,6,21.387645520912923,133.0475119967895
476.8604266646568,16.711423791026597,5,19.363826892703894,35.685955026113184
417.7225050057958,11.897006356539801,9,26.586145857052454,46.05105735258992
355.3795838775653,5.8724569325821365,9,22.823575324148337,82.80216083054259
930.2338528053476,19.922994757546505,1,27.79452687271674,65.99391448395589
832.3132137098519,5.866708414945499,3,26.665220805218425,204.6995967717
965.3766415598475,15.425528432878298,9,5.563457269459902,70.49909543811067
133.05425125068928,19.755183878951204,2,32.18899863113006,10.598965990951667
733.5588004516078,8.587701563238884,4,5.806070452936669,93.47875260805368
938.9570522528275,7.133740530307943,4,28.242694383156348,199.26823081603828
189.42073550400355,6.820774091336434,2,17.229669337983662,33.243374005604984
75.83130469310971,9.549127213513934,3,21.04017864848732,10.922247943194876
743.7094427971584,6.515687165159701,3,36.22862256065271,180.21565584104295
578.7283820481127,15.38242012541198,1,35.70546533246598,58.44608086282149
843.4104889906894,5.9343769719509405,6,32.896395920546155,216.97255570517117
148.3746528600266,12.641331922246845,8,20.895786837796607,14.675609824630762
797.3146387412913,19.95045280779465,3,29.71335259521949,54.31981057532601
209.6110468472671,17.209554042590284,5,21.002985165233564,17.38647266660891
172.01938343704745,14.228291573465164,1,34.91463721651632,18.266291143013145
172.62313995168302,9.593804311799175,7,16.708257496083096,22.29681985718823
816.4289730290683,14.358437544374578,1,38.8391784321802,85.02717330963502
668.5452484892381,12.905621958674775,9,37.36058757092623,74.84444034451573
527.8347705214281,11.391250758355572,8,29.922502158619636,66.83811667946345
365.24217928226744,6.960655651102992,7,11.897219482866808,60.780382871174695
878.4285354049772,18.299063228607,7,6.134489962937077,52.425764849665434
398.52065634840903,11.746769732319837,5,34.3334345536347,51.62188531799997
818.4334450768613,7.919337677311476,5,7.44678915938049,129.1908879374384
444.74355948451625,10.516390263159344,5,34.31617077089609,62.974784060465815
383.1749851306585,11.211946287933905,1,20.139835261782057,48.01532742493306
468.0529878129104,17.413068433503113,8,16.855714568516063,36.44028162827423
308.36409542250067,16.00421570842103,1,36.22444037454274,30.85762253517177
750.1332863744886,16.539573404620096,4,24.550188319070838,61.32598520924197
507.6931861915544,5.165468966429708,9,23.487946278058992,123.86608101836012
239.89056819534912,11.242309972696422,9,22.791871840351508,29.317506371826727
900.5788275418228,12.220162274529855,5,15.475611124761725,95.4291228262762
390.0523091594793,5.287884152345851,4,31.640081037635962,118.27653590049928
548.1173325028487,8.897198131175514,3,10.859139316615147,68.23760341421125
907.4073898549015,16.404347346832026,3,37.61690344160973,85.47319496419087
627.9956159548522,7.0566455859349855,5,35.86542299683147,130.4109949260837
125.72906030128043,13.029651971788875,1,14.161732701321029,11.328690961168002
940.4338023773404,8.228028080258563,5,29.449087023434885,170.25929966592824
631.4309725407037,5.181811619658399,6,23.355704583534067,158.9566574866395
341.5565585105153,8.618021863993121,7,14.168322777970149,46.07523576669907
147.87935193675338,19.638106323650806,9,39.55234427182242,12.47590484296511
796.0849373775931,17.023056678244842,3,1.984256488082304,49.242320252850185
623.8720283692284,19.3936496648155,2,10.85319519423018,38.060533735569386
538.1264810565583,12.317810658895436,3,21.282888383334864,55.75218725548417
894.9536572204481,6.6460429801625525,9,21.35616713566399,189.29159904163515
790.7112391122854,13.219392334605395,7,23.968389922877,81.37826489230517
160.15813093542366,11.815660018399413,9,30.31537070889385,22.06517338658973
318.6048471175927,17.665356241094237,2,25.31563539025256,25.084830213446534
256.00424841632105,6.471238711763669,5,24.41097696059344,47.740510608497345
746.5068296469502,12.323617055326672,4,3.0870640536086884,55.84477673276483
43.197110388421585,7.250729970409764,2,15.684681223782635,7.588864279218821
574.1907880226033,9.870138903350899,9,10.050173848345084,71.2975500818826
764.8340988832837,16.060356160816994,9,11.349434352477042,53.545681406026986
877.997980394132,12.140271940531498,6,22.61916149927345,107.03366683106908
348.6609312287484,10.638324277186541,6,8.78070728225473,40.17482848768826
823.0447316252927,10.91714417855053,8,12.464014939659004,90.42710478664672
119.52541958565516,11.8917015260898,6,10.246303632176264,11.908745584296305
847.987768817173,16.775248157555854,1,37.9916147855096,82.90640971524752
136.21377570866258,18.381270334103515,4,37.84196355467271,12.714655227801831
403.3144176547636,19.330020297558924,7,24.787720785246016,29.598699863483777
799.3224121217581,16.803550793829427,2,37.0563762805441,74.70493041844772
158.41825307528603,9.731103436220192,9,31.646693173266552,24.814513024488804
236.95888128031507,15.322020591298132,8,24.007967429270543,21.59974610050114
725.0300427091356,11.564046860830878,8,1.2509732483750327,66.82565653785161
722.8361711806136,8.820059330690768,7,31.128135157096757,110.78225241174574
644.7361565564444,17.61307369138884,4,28.397045321950284,53.0222284911443
697.008960022429,5.576395234434875,2,24.994892478014144,175.8119119642738
547.2971989141203,18.52642988203135,3,30.656548155616395,42.96892115043556
259.28106831788324,11.922161969371013,6,21.003964426215862,29.721026001658714
352.23903356888025,14.558022152124206,5,28.459247581532225,37.84067677409506
189.7817396334114,14.89030883308674,8,37.47171138233324,20.046742398972427
909.366055720292,18.426766110598045,6,15.656395617997365,63.04766570483612
587.5578768184592,14.55004523250811,6,28.616751561124392,62.35116825153605
406.8429025960035,14.209003771400926,1,19.55182490242739,37.32922968333934
467.3857456076914,5.999780608410349,4,27.30158642074528,104.92479289151531
947.8105062156972,12.776120329178061,5,30.7528400866202,111.74535035332961
161.8178890849194,7.252535012255625,3,2.7726475169960425,20.681533259929623
590.3675336966293,16.061506530822285,9,26.217417313997814,45.32648953192381
510.8297920956213,12.683328812190117,1,9.842906191870838,46.991761497598375
615.3396930803013,15.2034166881253,6,27.131268974495104,50.26859258754266
27.929081982632102,5.625093509035764,6,19.264877251418724,5.979019860084131
873.40266985471,6.271880240687048,5,31.168556932730603,200.47955271596223
932.7970996587762,15.744850820940234,5,5.8126317930182605,62.08676126153591
569.4818517533168,6.0812650399801,5,25.42657171459161,128.40545220104522
699.6843156381233,6.068850916478879,6,11.860358428174541,143.3584691075919
923.2743873655228,5.181627128523312,8,34.26629781789307,272.9837729307414
710.1662479702646,19.347520974492202,2,37.20695671981599,54.79136941085346
161.01365248511874,16.062625391885106,6,39.85953345348316,17.102203846342928
580.525476565145,10.298771127530962,1,32.04428869466405,77.49989677156401
610.6478959190273,9.448033719314829,4,30.39562874669218,95.14431763340566
429.8893645893622,10.245548446187744,3,9.404529595834491,44.19088232533423
739.0797932684756,16.619802967717728,9,14.10427530061424,54.557769293825636
935.0233446213247,14.920559166056217,3,19.1616191287289,79.39340717378589
926.3128277777085,7.777933518012019,6,31.161860863507737,184.22006948534764
456.3309776900908,7.611640030011265,1,36.68366873804078,96.28952983864542
122.1056653823477,6.475934745700959,6,8.3764249008964,20.601311502528983
984.9927869727112,14.904540795520072,4,36.97233190213401,98.73616706219285
840.5091055814747,16.46558993332604,8,28.129361441808264,71.44137699947505
133.41605439123418,8.97569642487506,9,24.820058496716506,22.3109821978746
921.6334637911986,5.314174415463692,4,8.793809579995642,212.19747580977358
871.197398441507,6.232575012146411,6,3.165476279556872,139.32979489769352
523.6496765548114,19.517900522675458,1,23.170131041809658,37.600299610089095
595.3626813874799,9.431671662161303,4,26.409111649826805,80.49990997345878
405.01267683142896,16.538347217572003,7,9.220476524832842,27.252840361051568
64.21402243381101,14.369953532813957,1,22.7017920271928,5.712499842666813
341.8452692294419,10.729094594793438,8,34.40324270774037,50.88611827137195
804.8249141120314,8.085308932933327,6,33.56757187274578,140.00362619875932
14.58570277455683,6.820796272391096,5,37.16685204286559,3.402088996632735
340.16417997423275,14.225194520582999,9,15.269546572718337,29.390903263398513
404.1870066550339,16.61950670956682,2,13.40393332948583,28.953557242696753
542.0216469085436,14.65856380311696,5,30.227614233251536,58.2338162346327
920.6570602486329,12.954531998737375,6,17.813383798783196,97.98157931410292
352.88253442230166,5.629268351474544,7,4.414397897083443,66.35544572398726
353.4836698772654,19.527331663915756,5,12.029244096149489,20.9987132520116
740.1262356286509,16.980712874818618,9,17.324709135728074,50.77573091578881
457.6957614809091,9.39233055051447,1,12.408140593573828,57.78836810770135
232.35877471058214,19.69955494038276,7,13.956017266945542,15.657450771334796
457.9151209713665,14.028223844544831,7,12.45726034080124,38.49256947023704
149.44845017600187,13.736339873108697,4,2.6184675201400984,11.719120553106334
184.62311664116106,16.22109769144298,9,25.846693332153258,14.690714939433976
503.38409501208497,17.176546821352062,5,24.294404393785303,39.11697918418554
424.7361950095024,14.84717910997254,4,26.481956440668544,40.89507260302144
915.697442057419,6.921436195493,7,8.500085945311472,149.95658400825184
368.76996012546675,10.074012589917476,4,12.530527122886927,45.279557742329544
584.7824667752631,18.92125460489075,3,25.16502115085197,41.28955053815151
635.9416450403351,8.369234177657779,9,24.385475169936935,94.69915786827796
22.9635120224503,10.582505357562699,8,20.746882064816443,3.0048771489211994
666.9019982965435,11.48115324416294,1,14.666116750397698,67.54823910830319
186.25560720105392,11.591074845416783,7,36.60430918621291,25.522248658696782
961.4596142947606,14.194093737417882,9,14.251039449654908,84.06974166802847
157.17610047558182,19.146137566170616,8,18.769147101052813,9.645328078869351
420.4778824897535,8.610390677487574,8,27.44643940721414,72.55472920351946
94.49617139785742,6.822520644513771,6,22.177835803803802,17.935384873631943
996.9055093274878,7.9620573478990595,4,14.528553078211036,152.91295071622545
507.17306022793014,18.303873503139044,8,17.990146827803883,34.55556689342551
599.4311671468433,14.68716218982809,3,31.98475189628674,65.29407457957431
76.4057126145432,9.288601838587402,9,11.847037063977885,10.338264781770192
752.460865695186,17.23920408452926,2,6.547954351295801,43.591593510905184
217.8065371646299,17.92054994545154,2,13.213364871361307,16.20769833181437
899.0737465463067,17.697715080354172,7,34.131834404028154,74.20593437463847
213.08824407718708,18.78389800459332,4,4.470598879397519,13.377419768128812
198.7808434570299,8.783615302600424,8,39.67614686152562,35.63700226286541
46.18417116961393,16.325628931194174,9,22.099113058178837,3.7024852021108092
477.34627565889923,11.908092459112101,7,39.408984014716665,62.99327189469547
569.1927219299903,17.629978293350923,5,37.620860461353125,49.49254285371367
75.05155303406885,15.927360157424198,8,18.659734854225754,6.792251229992735
777.7723405280605,16.646711697495867,4,8.741151909608615,52.64659569413764
458.7559464005473,14.842427565216072,2,7.4305062860404,33.83414980423668
529.1463666343043,7.661431542045603,6,10.359585190928343,80.10598657412972
446.3551194688459,13.175403783454074,9,28.695172982016953,46.11604660806812
406.7554302665727,19.770046092867624,1,11.645049794528026,26.098138784527368
564.0439279951357,19.060820997456783,7,14.315585514567633,33.30216944305252
163.6878434714054,5.647606036955175,9,18.502373355789977,35.890793851765
190.1088491903184,7.472222235941556,9,36.6160745364368,41.2618768929024
863.1677648033822,6.975931601818429,3,8.386343297508997,139.5953863514492
946.6543075122964,15.889698649779433,5,1.1960355517823213,62.31081140632162
379.5762231169554,17.266779947854175,8,3.3437600047486358,24.85532716827122
278.03722641211823,8.20267049466008,8,36.2858873255246,54.97230860958249
647.5595478066256,12.587790394277434,4,26.253142128891163,72.19461797291434
414.6468293871154,17.610545420168002,1,11.648584153784464,30.54892559175274
35.13249210374141,15.99202317149376,1,7.910507539436453,2.3803436365140995
164.59107139252845,13.133558082377725,4,12.476402728847459,14.802816134759228
718.8125065589236,13.855215356881594,6,5.477080162799924,56.05712111035332
662.3347024910498,12.6254082037442,8,37.719783501093204,81.72175691415401
36.825032578448656,9.46322676978231,6,31.584040800245408,5.428371539234299
229.75244031361996,13.475329892885242,9,19.03325589958909,20.182082817611718
238.76404862219067,15.33327953075136,9,34.733541599492874,24.178547538736677
675.1738161627411,18.099843737912117,2,10.72886996743606,41.93432660957281
29.513432376820514,14.544370309688722,1,28.967702170415546,3.188592336961051
113.06749616472811,16.41682305564737,2,34.389167461536,10.402152290216165
801.9169245194574,7.401074524318595,5,14.913979753307633,130.9234250513307
186.75921543379027,11.923362116296849,4,30.54111337257799,24.088598490420917
656.218646773356,5.1399742974063996,4,12.507821621308064,154.67174741595664
245.80095323625926,8.700182967824345,9,12.655428275102201,33.32057418364609
108.44697883175171,15.896925726695073,8,5.175229963613257,7.115940414980436
250.74046908945954,19.87714927024045,6,18.16226381386655,18.986641188473236
725.0442625371026,6.4876714938082385,1,29.458764353399467,164.05561392560043
857.1395034252229,11.022414737919323,2,37.66861141728011,128.3007101823423
831.9176659213217,17.00106453048739,6,24.548082685234746,63.52714935848808
403.21169432227026,8.060534519433482,2,34.66228597169382,73.83433554278022
671.4042852049397,13.326274239534294,5,33.07729132231886,83.34087247405174
212.93445246166277,15.996069440445122,5,7.760379066035953,15.899233353372486
300.2162529584031,14.239781753902685,6,19.946879727592627,28.017740179964157
897.3724603359086,7.820371019231242,6,5.560017885490268,121.94627877565168
22.871904275628673,10.330768530286091,6,27.603973300903764,3.0940363923833565
94.6534455459234,16.756876767280957,2,38.046087061596964,8.572327134983594
215.80739259456703,13.31339771198025,3,6.346488865071503,16.726047057455848
36.26688183508152,5.078444203143691,6,29.62144210129911,10.790831955274138
189.62108073889934,16.414861400421408,8,25.65728788384658,16.42860869299414
587.2111453599953,5.529670324103586,1,23.76059644331589,149.34212793766196
427.210305086573,16.18600674096848,1,16.21468915284523,32.260578119308036
893.7449939662051,8.037208402478562,2,14.85013426239869,137.70912904932166
819.2691261210565,19.371102201790706,6,2.7647183717366266,43.09578709416224
348.3991781808972,10.519111269531267,9,9.498439621828526,36.46345093138363
266.82919909697955,9.903974245071186,4,1.591898409186249,29.884246008163743
385.89548408559426,7.23332075498667,3,23.6752671176988,72.73494733909126
594.3919930896596,9.584063232353223,8,5.128276199238445,68.48416279808414
275.3830044146475,18.14976142742301,9,35.047756367158925,24.11677534743875
627.9074187706427,19.945015064408707,5,21.402577807189445,41.867567182192666
415.31753566932804,10.524642957602726,9,28.28790645328963,56.88190475724226
556.5267090434604,11.729159464318139,2,17.02342658177936,56.3278877421023
441.7652638439635,15.831064073041055,3,22.862612551040897,35.79558822229148
301.5211019464985,18.292936706976118,7,37.76370790169859,24.59615235560812
948.9687738925351,13.895665012801762,7,4.22662754532316,74.82061742468922
765.9697362181632,10.872885472667441,6,10.903573105024151,82.26021484487147
148.712044008788,11.189327612729356,6,31.41954474951123,18.678197734009327
869.7832961389337,15.434272197452103,2,4.850751068423968,62.20788735788735
492.5568862670185,5.048273954064181,6,3.950783052260323,106.15984829397269
895.6067046251505,14.29384006189761,4,15.100114551407504,74.17834749151098
801.8567033878421,10.332395156620361,3,4.5945503804248595,82.83913647342797
430.9613694245411,16.91295996915626,2,23.81805924604192,35.530938233218585
32.244615236916225,6.394859597346983,1,9.824734781847393,5.537061104177173
275.99058579109663,13.823034004225857,5,35.93222056477552,31.59726015016781
546.2178725142583,12.214593348291857,2,31.55650315296501,66.87750129198508
637.1434376278858,14.63488288857841,2,28.288503037879572,58.911452945793826
265.3088085788703,5.9728039172445255,7,25.060817067995576,61.78896788049369
147.96251333209588,13.699756811421969,8,34.67516348331707,16.71810674600069
836.5809344313061,13.422268819392857,8,9.699420400167519,69.16129270190869
984.5581588965166,13.409901416242564,4,35.051244867804876,108.95690106291256
530.433280479659,14.052314998946823,1,31.79019963853804,52.93601680031283
179.96249298982048,15.147019058395433,7,30.178272229119738,16.87182337819284
279.5842532541753,17.074834995211546,1,22.88897144492204,21.982543786049128
28.206769781992065,9.047310801923215,4,10.603522277853404,3.5151914522303804
915.155818494894,17.375741152700932,8,17.518368723683956,61.57071757393612
126.57357206123973,12.473835233951805,2,31.949255527013264,14.493236063709176
580.751310759111,6.155874187014968,6,2.239360889935653,95.47544387883156
281.3146684803339,5.878263938659688,6,31.499980001286573,73.34715824836269
558.6362224906355,10.013574780440912,9,10.362758879015093,66.37655498480467
654.9061844683456,16.773454656672016,5,6.628058828142518,44.720795005670055
831.4443856701296,15.615214021113736,4,5.512351409031784,55.51826713414156
214.35705904299718,16.829224470086096,5,2.0627504660817895,13.224233733350735
20.88587037189567,12.75903584662414,5,21.419872923636664,1.9008556466889743
145.5167737681192,11.602984969332358,8,9.51213503505545,14.638080942762977
901.018455429624,7.21178790059426,8,39.58783886540563,205.20893488881805
875.1511767868901,9.922891304139673,2,23.403033479016024,117.06079302368087
601.4389711486052,11.510290492608128,7,6.377525504884407,58.09656939225573
604.5116918293169,6.329006445194258,8,27.861739091643248,125.17396176280494
668.3863078007929,8.309179290668169,6,36.01199909387929,118.92906043329158
183.6175658372151,13.973379410956083,5,30.06200031941496,19.795686696835883
915.2678264657102,16.03494671358785,9,3.981154580538459,62.03444612612686
424.5828196431524,19.975212670894244,3,35.93948306651372,32.04047756111208
389.3071429670025,18.996699970153365,4,31.963246048538625,31.54892974030264
523.7285282300091,14.638477993027873,9,7.17385210411896,39.90148649411506
56.496307107304496,11.31872079941108,6,3.0196496605798577,5.085949915189667
174.62053506851862,14.54266047062349,8,22.73511243725803,15.955138137199981
740.6532802621067,16.78477427120348,7,7.0853966422590995,47.70471187916486
91.9706812458752,6.77504286385081,2,33.54904715121561,19.198483261330576
607.1205883717244,11.148573345444323,3,14.975051610195276,70.88014846603342
252.89561858450776,17.59703428453426,1,36.60280534472644,21.629774950564972
395.4026579015568,10.75749427899566,9,23.061838713499224,47.41205564785696
295.80679940299285,13.578084068407797,7,8.124222985347057,22.571573749231103
362.11598930029965,13.816540412932973,1,6.444355827032203,24.954167848111403
721.855446132403,7.76714379700459,3,23.4824250647524,130.08081821064007
304.15049846694325,10.433531624784326,4,30.713460862635312,44.27093199912619
570.7405938939282,10.017669331128982,4,31.478720261945103,88.87844637676778
481.2898981771087,5.392950627980972,5,11.754538773209969,104.19733425443019
667.0344537090217,5.362876458370328,3,8.965623597574531,138.83536631439196
937.4614419315104,17.4754556551366,3,1.653495875202914,53.57937360016268
735.2463762381478,9.096062149592186,1,27.488766896845604,111.7828450463904
222.79097480484918,12.771181493582231,7,3.9861620789080203,19.52301723195525
40.871303710671825,9.480883603831597,1,17.409686868871106,5.4294851503496995
269.64140385682686,19.110188676730107,2,24.465604396713548,19.65251461925981
599.1271513932522,8.889451382986607,4,37.5472488518674,103.02800950755254
60.91155534940785,11.444852191084026,4,13.160283341274976,6.793675089862194
501.402584729224,18.090953757269027,5,10.741114335414272,29.11627689044562
600.8744204277203,17.62900350187713,2,26.51224601715784,44.73200038101534
340.9014519087912,7.79152126769416,4,25.150322250089683,61.402903971145776
773.2030817083637,17.039649646935658,1,13.952281549016858,59.67642015199449
115.53227060243408,11.87280330106839,2,37.195971584881676,14.989423880158283
84.38640391845067,12.244533081280327,1,33.949630772095674,9.963263339214034
730.9068686415674,7.002199586239157,4,9.735319288738165,125.61065155940314
500.5364030441365,6.20902270635687,4,10.326559271946405,94.60823546260862
691.5183724634587,15.919089604606478,7,20.979713528596143,60.7940066321103
440.47906521770875,12.446917285329496,9,31.169311967498093,48.58351849460639
253.93801290671576,11.552760539227693,9,2.717574796150111,24.26268637342127
820.9112944974577,15.94262342978595,5,28.04007099565356,67.48562308836321
801.4217201792894,16.482693484866644,1,26.281199997901783,66.81292936460335
697.7495061458825,7.383622515040304,1,10.027723740606541,110.95761908559206
279.4236858576631,14.15337724216462,6,27.572767516412604,28.167456008781656
594.3283602003962,7.030311234165283,2,37.667144458831224,139.318509462708
367.36415797062654,16.270626290435686,8,2.8246479538989724,21.385482543081917
100.66625259336782,14.854327344007093,9,13.46643015639044,8.203237635195984
918.1404397076203,19.34921931625187,4,18.088891949987854,63.944567002948766
145.45044460977178,6.0343702453463175,5,36.0711539980629,37.25549695037223
950.7349802825944,5.855820817268815,8,38.52819641775711,241.55459237773422
451.5457152283762,9.232806120398003,3,18.32049461335696,65.48730547483191
